Haplotype,rsID,Nucleotide changef,Protein changeg,Allele Functional Status,Activity Score,References,PMID,In vitro,ex vivo,in vivo,
*2A,rs3918290,c.1905+1G>A,N/A,No function,0,Offer 2013,23328581,5-fluorouracil,,,
*5,rs1801159,c.1627A>G,p.I543V,Normal,1,Offer 2013,23328581,5-fluorouracil,,,
*9A,rs1801265,c.85T>C,p.C29R,Normal,1,He 2008,18452418,,,Dihydrouracil,
*13,rs55886062,c.1679T>G,p.I560S,No function,0,Offer 2013,23328581,5-fluorouracil,,,
,rs67376798,c.2846A>T,p.D949V,Decreased,0.5,Offer 2014,24648345,5-fluorouracil,,,
HapB3, rs56038477, c.1236G>A,p.E412E,Decreased,0.5,Nie 2017,28295243,,5-fluorouracil,,
*4,rs1801158,c.1601G>A,p.S534N, Normal,1,Offer 2013,23588312,,5-fluorouracil,,
*6,rs1801160,c.2194G>A,p.V732I, Normal,1,Offer 2013,23328581,5-fluorouracil,,,
*7,rs539032572,c.295_298delTCAT,p.F100Sfs, No function,0,Offer 2014,24648345,5-fluorouracil,,,
*8,rs1801266,c.703C>T,p.R235W,No function,0,Offer 2014,24648345,5-fluorouracil,,,
*11,rs72549306,c.1003G>T,p.V335L,Normal,1,Offer 2014,24648345,5-fluorouracil,,,
*12,rs78060119,c.1156G>T,p.E386X,No function,0,Offer 2014,24648345,5-fluorouracil,,,
*9B,rs1801267,c.2657G>A,p.R886H,Normal,1,Offer 2014,24648345,5-fluorouracil,,,
*9B,rs1801265,c.85T>C,p.C29R,Normal,1,Offer 2014,24648345,5-fluorouracil,,,
,rs115232898,c.557A>G,p.Y186C,Decreased,0.5,Offer 2014,24648345,5-fluorouracil,,,
,rs80081766c,c.62G>A,p.R21Q,Normal,1,Offer 2014,24648345,5-fluorouracil,,,
,rs2297595,c.496A>G,p.M166V,Normal,1,Offer 2014,24648345,5-fluorouracil,,,
,rs61622928,c.1218G>A,p.M406I, Normal,1,Offer 2014,24648345,5-fluorouracil,,,
,rs17376848,c.1896T>C,p.F632F, Normal ,1,Offer 2013,23588312,,5-fluorouracil,,
,rs56293913,c.1129-15T>C,N/A,Normal,1,Offer 2013,23588312,,5-fluorouracil,,
,rs56293913,c.1129-15T>C,N/A,Normal,1,Sistonen 2014,25410891,,,Uracil,
,rs3790387,c.763-118A>G,N/A,Normal,1,Offer 2013,23588312,,5-fluorouracil,,
,rs3790387,c.763-118A>G,N/A,Normal,1,Sistonen 2014,25410891,,,Uracil,
,rs2786783,c.1740+39C>T,N/A,Normal,1,Offer 2013,23588312,,5-fluorouracil,,
,rs2786783,c.1740+39C>T,N/A,Normal,1,Sistonen 2014,25410891,,,Uracil,
,rs2811178,c.1740+40A>G,N/A,Normal,1,Offer 2013,23588312,,5-fluorouracil,,
,rs2811178,c.1740+40A>G,N/A,Normal,1,Sistonen 2014,25410891,,,Uracil,
,rs150036960,c.46C>G,p.L16V,Normal,1,Offer 2014,24648345,5-fluorouracil,,,
,rs72549310,c.61C>T,p.R21X,No function,0,Offer 2014,24648345,5-fluorouracil,,,
,rs150385342,c.313G>A,p.A105T,Normal,1,Offer 2014,24648345,5-fluorouracil,,,
,rs141462178,c.343A>G,p.M115V,Normal,1,Offer 2014,24648345,5-fluorouracil,,,
,rs200562975,c.451A>G,p.N151D,Normal,1,Offer 2014,24648345,5-fluorouracil,,,
,rs139834141,c.498G>A,p.M166I,Normal,1,Offer 2014,24648345,5-fluorouracil,,,
,rs72549308,c.601A>C,p.S201R,No function,0,Offer 2014,24648345,5-fluorouracil,,,
,rs72549307,c.632A>G,p.Y211C,No function,0,Offer 2014,24648345,5-fluorouracil,,,
,rs45589337,c.775A>G,p.K259E,Normal,1,Offer 2014,24648345,5-fluorouracil,,,
,rs45589337,c.775A>G,p.K259E,Normal,1,Sistonen 2014,25410891,,,Uracil,
,rs146356975,c.868A>G,p.K290E,Decreased,0.5,Offer 2014,24648345,5-fluorouracil,,,
,rs150437414,c.929T>C,p.L310S,Normal,1,Offer 2014,24648345,5-fluorouracil,,,
,rs145112791,c.934C>T,p.L312F,Normal,1,Offer 2014,24648345,5-fluorouracil,,,
,rs201018345,c.967G>A,p.A323T,Normal,1,Offer 2014,24648345,5-fluorouracil,,,
,rs183385770,c.1024G>A,p.D342N,No function,0,Offer 2014,24648345,5-fluorouracil,,,
,rs72549305,c.1108A>G,p.I370V,Normal,1,Offer 2014,24648345,5-fluorouracil,,,
,rs143815742,c.1181G>T,p.R394L,Normal,1,Offer 2014,24648345,5-fluorouracil,,,
,rs140602333,c.1180C>T,p.R394W,Normal,1,Offer 2014,24648345,5-fluorouracil,,,
,rs200064537,c.1260T>A,p.N420K,Normal,1,Offer 2014,24648345,5-fluorouracil,,,
,rs764666241,c.1278G>T,p.M426I,Normal,1,Offer 2014,24648345,5-fluorouracil,,,
,rs142512579,c.1294G>A,p.D432N,Normal,1,Offer 2014,24648345,5-fluorouracil,,,
,rs186169810,c.1314T>G,p.F438L,Decreased,0.5,Offer 2014,24648345,5-fluorouracil,,,
,rs72975710,c.1349C>T,p.A450V,Normal,1,Offer 2014,24648345,5-fluorouracil,,,
,rs144395748,c.1358C>G,p.P453R,Normal,1,Offer 2014,24648345,5-fluorouracil,,,
,rs144395748,c.1358C>G,p.P453R,Normal,1,Offer 2013,23588312,,5-fluorouracil,,
,rs199549923,c.1403C>A,p.T468N,Normal,1,Offer 2014,24648345,5-fluorouracil,,,
,rs72549304,c.1475C>T,p.S492L,No function,0,Offer 2014,24648345,5-fluorouracil,,,
,rs138391898,c.1519G>A,p.V507I,Normal,1,Offer 2014,24648345,5-fluorouracil,,,
,rs148994843,c.1543G>A,p.V515I,Normal,1,Offer 2014,24648345,5-fluorouracil,,,
,rs190951787,c.1577C>G,p.T526S,Normal,1,Offer 2014,24648345,5-fluorouracil,,,
,rs142619737,c.1615G>A,p.G539R,Normal,1,Offer 2014,24648345,5-fluorouracil,,,
,rs201615754,c.1682G>T,p.R561L,Normal,1,Offer 2014,24648345,5-fluorouracil,,,
,rs138616379,c.1775G>A,p.R592Q,No function,0,Offer 2014,24648345,5-fluorouracil,,,
,rs59086055,c.1774C>T,p.R592W,No function,0,Offer 2014,24648345,5-fluorouracil,,,
,rs145773863,c.1777G>A,p.G593R,No function,0,Offer 2014,24648345,5-fluorouracil,,,
,rs147601618,c.1796T>C,p.M599T,Normal,1,Offer 2014,24648345,5-fluorouracil,,,
,rs3918289,c.1905C>G,p.N635K,Normal,1,Offer 2014,24648345,5-fluorouracil,,,
,rs55971861,c.1906A>C,p.I636L,Normal,1,Offer 2014,24648345,5-fluorouracil,,,
,rs138545885,c.1990G>T,p.A664S,Normal,1,Offer 2014,24648345,5-fluorouracil,,,
,rs145548112,c.2161G>A,p.A721T,Normal,1,Offer 2014,24648345,5-fluorouracil,,,
,rs146529561,c.2186C>T,p.A729V,Normal,1,Offer 2014,24648345,5-fluorouracil,,,
,rs60511679,c.2195T>G,p.V732G,Normal,1,Offer 2014,24648345,5-fluorouracil,,,
,rs112766203,c.2279C>T,p.T760I,Decreased,0.5,Offer 2014,24648345,5-fluorouracil,,,
,rs56005131,c.2303C>A,p.T768K,Normal,1,Offer 2014,24648345,5-fluorouracil,,,
,rs199634007,c.2336C>A,p.T779N,Normal,1,Offer 2014,24648345,5-fluorouracil,,,
,rs200687447,c.2482G>A,p.E828K,Normal,1,Offer 2014,24648345,5-fluorouracil,,,
,rs60139309,c.2582A>G,p.K861R,Normal,1,Offer 2014,24648345,5-fluorouracil,,,
,rs201035051,c.2623A>C,p.K875Q,Normal,1,Offer 2014,24648345,5-fluorouracil,,,
,rs55674432,c.2639G>T,p.G880V,No function,0,Offer 2014,24648345,5-fluorouracil,,,
,rs147545709,c.2656C>T,p.R886C,Normal,1,Offer 2014,24648345,5-fluorouracil,,,
,rs141044036,c.2872A>G,p.K958E,No function,0,Offer 2014,24648345,5-fluorouracil,,,
,rs145529148,c.2915A>G,p.Q972R,Normal,1,Offer 2014,24648345,5-fluorouracil,,,
,rs72547602,c.2921A>T,p.D974V,Normal,1,Offer 2014,24648345,5-fluorouracil,,,
,rs139459586,c.2978T>G,p.L993R,Normal,1,Offer 2014,24648345,5-fluorouracil,,,
,rs202144771,c.2977C>T,p.L993F,Normal,1,Offer 2014,24648345,5-fluorouracil,,,
,rs140114515,c.3049G>A,p.V1017I,Normal,1,Offer 2014,24648345,5-fluorouracil,,,
,rs148799944,c.3061G>C,p.V1021L,Normal,1,Offer 2014,24648345,5-fluorouracil,,,
,rs114096998,c.3067C>A,p.P1023T,Normal,1,Offer 2013,23588312,,5-fluorouracil,,Note conflicting results for these two papers in terms of activity
,rs6670886,c.525G>A,p.S175S,Normal,1,Offer 2013,23588312,,5-fluorouracil,,
,rs112550271,c.850+41T>C,N/A,Normal,1,Offer 2013,23588312,,5-fluorouracil,,Note conflicting results for these two papers in terms of activity
,rs2811202,c.958+134T>G,N/A,Normal,1,Offer 2013,23588312,,5-fluorouracil,,
,rs61789183,c.1340-106T>A,N/A,Normal,1,Offer 2013,23588312,,5-fluorouracil,,Note conflicting results for these two papers in terms of activity
,rs57918000,c.1371C>T,p.N457N,Normal,1,Offer 2013,23588312,,5-fluorouracil,,
,rs12137711,c.2300-39G>A,N/A,Normal,1,Offer 2013,23588312,,5-fluorouracil,,
,rs41309171,c.234-123G>C,N/A,Normal,1,Sistonen 2014,25410891,,,Uracil,
,rs138924556,c.850+91C>T,N/A,Normal,1,Sistonen 2014,25410891,,,Uracil,
,rs368600943,c.1129-28G>T,N/A,Normal,1,Sistonen 2014,25410891,,,Uracil,
,rs74774246,c.681-8C>T,N/A,Normal,1,Offer 2013,23588312,,5-fluorouracil,,
